{"cameraMode":{"drawMode":0,"name":"Shaded","section":"Shading Mode"},"sceneLighting":false,"audioPlay":false,"sceneViewState":{"m_AlwaysRefresh":false,"showFog":true,"showSkybox":false,"showFlares":true,"showImageEffects":true,"showParticleSystems":true,"showVisualEffectGraphs":true,"m_FxEnabled":true},"in2DMode":false,"pivot":{"x":-2.026197671890259,"y":35.871089935302737,"z":1.8619543313980103},"rotation":{"x":0.6746920347213745,"y":0.014376077800989151,"z":-0.013145164586603642,"w":0.7378571033477783},"size":5.6568684577941898,"orthographic":false}