{"cameraMode":{"drawMode":0,"name":"Shaded","section":"Shading Mode"},"sceneLighting":false,"audioPlay":false,"sceneViewState":{"m_AlwaysRefresh":false,"showFog":true,"showSkybox":false,"showFlares":true,"showImageEffects":true,"showParticleSystems":true,"showVisualEffectGraphs":true,"m_FxEnabled":true},"in2DMode":false,"pivot":{"x":0.1637047529220581,"y":1.9214222431182862,"z":-0.6186757683753967},"rotation":{"x":-0.009365846402943135,"y":0.9811314344406128,"z":-0.18676826357841493,"w":-0.049195028841495517},"size":1.2641597986221314,"orthographic":false}