{"cameraMode":{"drawMode":0,"name":"Shaded","section":"Shading Mode"},"sceneLighting":false,"audioPlay":false,"sceneViewState":{"m_AlwaysRefresh":false,"showFog":true,"showSkybox":false,"showFlares":true,"showImageEffects":true,"showParticleSystems":true,"showVisualEffectGraphs":true,"m_FxEnabled":true},"in2DMode":false,"pivot":{"x":0.5321000218391419,"y":1.6803845167160035,"z":-1.0051968097686768},"rotation":{"x":-0.00023115849762689322,"y":-0.9997018575668335,"z":0.022507106885313989,"w":-0.010190305300056935},"size":2.9336302280426027,"orthographic":false}