{"cameraMode":{"drawMode":0,"name":"Shaded","section":"Shading Mode"},"sceneLighting":false,"audioPlay":false,"sceneViewState":{"m_AlwaysRefresh":false,"showFog":true,"showSkybox":false,"showFlares":true,"showImageEffects":true,"showParticleSystems":true,"showVisualEffectGraphs":true,"m_FxEnabled":true},"in2DMode":false,"pivot":{"x":-0.8354902863502502,"y":1.0860110521316529,"z":0.7794588804244995},"rotation":{"x":0.08024376630783081,"y":0.6522784233093262,"z":-0.06973191350698471,"w":0.7504951357841492},"size":1.1445523500442505,"orthographic":false}