{"cameraMode":{"drawMode":0,"name":"Shaded","section":"Shading Mode"},"sceneLighting":false,"audioPlay":false,"sceneViewState":{"m_AlwaysRefresh":false,"showFog":true,"showSkybox":false,"showFlares":true,"showImageEffects":true,"showParticleSystems":true,"showVisualEffectGraphs":true,"m_FxEnabled":true},"in2DMode":false,"pivot":{"x":-0.9979134202003479,"y":-2.040757894515991,"z":3.1818289756774904},"rotation":{"x":0.11606457084417343,"y":-0.03815833479166031,"z":0.004450667183846235,"w":0.9925212264060974},"size":5.662486553192139,"orthographic":false}